current_demand,capacity,distance,disruption_duration,historical_demand,additional_demand
78,86,22.5,60,69,3.7
189,102,18.1,30,153,5.5
105,139,15.7,30,108,5.9
157,136,14.0,120,176,15.3
51,120,21.2,120,46,4.4
76,103,12.0,120,87,13.2
117,91,22.2,30,139,4.9
142,129,21.4,30,151,9.3
124,100,25.8,30,118,1.5
91,174,11.3,120,98,12.6
68,123,16.5,60,59,0
192,136,20.9,30,171,12.8
58,160,12.6,30,51,7.4
130,134,20.0,240,150,17.3
167,116,8.7,60,183,15.1
159,182,11.5,60,160,13.1
73,92,26.0,60,77,4.6
66,178,12.1,240,67,9.3
191,82,20.7,30,205,8.9
137,108,9.5,60,134,12.5
117,208,23.1,30,134,5.5
100,119,11.8,60,102,11.5
185,80,18.4,240,149,23.4
128,141,2.7,30,107,11.4
174,97,29.4,60,148,4.5
117,215,26.3,240,139,14.8
188,131,21.7,240,225,25.4
182,195,4.5,60,150,17.7
55,138,18.1,30,46,1.6
58,164,3.1,60,53,6.5
174,134,16.6,240,156,20.0
74,104,20.1,120,72,6.3
169,93,20.5,30,139,6.6
77,143,6.6,240,66,11.4
96,151,14.4,30,94,7.6
62,218,25.2,30,73,1.3
110,122,12.8,240,97,15.4
147,80,29.6,120,172,11.3
166,153,13.3,240,143,21.5
198,218,2.8,120,163,36.9
199,202,15.6,60,164,8.1
67,97,20.6,60,64,3.7
195,143,17.8,30,204,9.2
183,160,28.1,60,195,10.9
130,141,8.7,60,139,13.4
68,82,14.3,30,56,5.3
104,209,8.7,120,120,17.4
90,192,25.2,120,94,5.4
185,82,20.4,120,217,21.1
117,109,26.8,60,106,7.9
103,167,6.9,120,103,15.2
63,103,19.4,120,52,8.8
135,113,19.5,120,117,7.0
193,82,4.2,60,197,27.1
144,117,13.5,30,133,11.7
60,171,7.1,60,64,4.9
140,184,29.2,60,164,7.9
95,185,1.7,120,106,23.8
155,143,8.7,30,148,14.6
101,197,11.1,60,90,8.5
99,182,10.5,30,117,8.4
152,217,10.6,30,129,12.6
116,125,17.8,120,95,7.0
130,191,18.6,30,124,5.7
197,128,8.4,240,158,34.4
100,173,13.5,120,105,10.0
81,156,15.7,240,75,10.1
99,187,20.3,240,106,10.7
94,157,12.8,30,87,6.8
132,199,13.8,60,133,13.9
93,101,9.2,120,78,11.6
129,137,24.4,60,104,5.2
112,201,18.7,30,110,8.0
148,206,12.6,60,157,11.3
51,107,23.6,60,44,4.8
62,143,27.6,30,61,1.9
168,215,29.6,120,198,14.6
179,189,25.1,240,207,20.4
171,195,8.5,60,194,19.1
174,141,9.0,30,189,19.0
110,149,10.7,30,94,7.5
104,96,13.0,120,106,14.6
156,95,7.0,240,149,33.5
55,177,14.8,120,51,0.3
149,187,16.6,60,148,10.1
149,166,20.4,240,162,22.3
169,112,29.4,30,197,5.3
71,189,4.9,240,62,14.0
116,177,10.5,240,108,19.9
157,144,25.2,240,127,11.6
188,93,30.0,120,167,15.0
60,87,28.5,60,68,5.4
89,141,4.7,30,91,10.3
144,122,18.6,30,160,11.8
91,159,4.1,30,107,8.0
146,181,28.3,60,121,3.9
112,106,21.2,120,128,9.4
194,90,11.1,240,207,36.2
67,209,19.8,30,76,4.4
142,197,21.5,240,124,13.9
183,149,18.9,240,180,24.6
132,142,25.1,30,120,3.0
165,142,22.8,240,154,15.8
174,134,11.3,120,163,19.2
120,82,16.0,60,100,6.8
111,201,19.7,240,109,11.5
54,103,9.5,240,58,10.2
171,215,11.0,120,161,21.6
166,149,9.9,60,141,13.6
187,127,6.6,240,170,39.3
200,214,18.3,30,227,12.0
127,83,21.5,60,116,8.7
63,154,21.2,60,66,4.0
53,152,14.6,240,50,6.7
63,144,28.3,240,53,7.3
197,93,5.4,120,164,27.6
113,110,17.2,240,118,16.6
183,177,14.1,240,168,24.8
200,189,9.9,30,209,16.1
103,134,8.7,30,89,2.6
94,99,5.5,240,92,20.9
109,153,21.5,240,90,9.8
109,147,23.8,60,106,3.1
118,116,3.1,60,132,18.1
195,153,13.7,240,210,31.7
178,218,15.3,30,185,6.9
160,162,18.5,30,134,11.0
197,85,30.0,120,203,11.8
94,200,16.0,240,110,17.0
175,103,14.6,240,163,27.3
76,121,10.6,240,70,16.2
190,89,14.2,120,171,16.4
79,183,26.1,30,84,1.6
98,212,11.5,240,103,17.4
63,132,8.7,60,74,4.6
81,87,29.2,60,88,5.4
129,83,17.0,30,115,7.2
80,119,15.5,120,80,7.0
119,186,25.2,240,107,9.5
180,114,26.1,120,200,13.2
156,167,28.1,120,176,11.2
200,205,26.1,240,203,22.7
138,165,17.0,240,136,18.3
111,178,7.8,240,91,20.3
171,177,12.2,60,171,16.7
134,105,26.4,240,113,12.2
166,83,22.0,240,191,23.2
117,166,19.1,240,124,15.8
134,216,12.0,120,141,17.8
188,89,18.9,60,198,11.3
123,138,22.7,240,147,17.1
75,193,5.8,120,87,10.7
61,163,24.1,120,58,2.9
155,126,5.9,30,162,16.6
147,141,15.4,60,131,8.2
52,199,27.1,60,43,0.5
138,156,19.5,240,149,17.3
148,203,4.1,240,152,40.9
197,155,29.8,120,159,11.0
52,92,27.4,240,59,4.2
123,138,18.6,120,109,10.1
85,104,27.2,30,79,4.7
162,88,17.8,60,135,8.2
94,131,4.8,120,95,19.2
119,122,8.5,240,141,27.4
79,199,28.9,60,87,8.1
107,181,29.1,120,89,4.5
81,196,11.7,120,84,10.6
145,107,20.6,240,117,16.3
106,96,19.4,240,123,14.0
127,184,4.4,30,150,15.5
74,140,26.7,60,71,5.8
144,218,13.2,60,166,11.3
154,151,1.9,120,137,25.6
163,140,25.8,30,194,5.6
141,95,12.5,60,167,17.1
166,103,20.2,30,136,4.0
194,132,3.0,60,201,34.2
109,164,23.5,30,99,10.5
188,144,24.2,30,200,8.5
56,113,1.4,60,58,11.1
82,187,16.3,30,81,5.0
142,211,18.2,240,142,19.4
183,157,14.3,30,151,9.5
172,182,13.4,30,171,12.1
70,162,18.6,30,60,2.9
199,220,21.7,240,238,26.0
160,105,24.0,30,183,8.0
191,135,13.5,60,184,15.6
74,160,13.4,120,70,5.7
89,201,2.9,30,75,11.8
83,95,18.0,120,89,9.8
155,170,26.3,240,178,17.4
129,170,4.0,60,111,9.7
173,137,25.6,120,197,11.6
196,137,24.4,30,205,11.8
118,87,6.2,120,138,20.5
86,182,3.0,30,72,9.7
185,135,11.9,240,173,27.4
195,101,26.6,60,168,10.9
62,100,8.9,240,62,10.8
181,109,11.0,30,165,12.8
174,214,20.3,30,155,8.7
102,157,28.4,60,113,5.5
124,163,4.5,240,136,36.1
108,208,17.2,120,90,10.0
60,191,1.5,30,69,7.1
156,154,4.3,30,185,19.0
93,197,25.1,120,78,6.4
200,182,16.2,240,230,31.7
136,136,10.7,60,113,8.6
99,169,11.2,60,89,6.0
87,145,6.7,60,96,10.1
176,198,22.9,240,189,20.5
194,162,26.1,120,167,13.5
127,150,18.2,120,127,12.2
129,198,14.1,30,122,7.2
73,209,12.1,30,72,7.9
196,128,10.3,240,196,38.3
137,101,15.6,60,112,7.6
162,192,16.2,60,153,12.7
136,93,23.9,120,112,7.3
74,178,9.2,60,69,5.8
139,159,29.1,240,118,10.8
71,159,17.2,120,80,5.5
184,103,19.7,240,185,20.1
54,172,10.0,60,51,4.9
85,119,3.2,30,85,8.8
188,214,2.1,120,216,42.6
89,121,6.2,60,97,9.4
61,185,11.6,60,72,3.7
164,139,16.5,120,195,16.3
170,129,11.7,240,167,28.5
185,187,29.0,60,207,11.9
85,144,2.5,240,98,28.5
182,111,9.3,60,165,15.7
181,117,25.1,30,213,9.9
139,86,13.0,240,139,24.8
110,178,29.8,120,98,5.8
135,117,5.0,120,158,27.2
170,115,23.0,240,167,19.8
115,135,25.2,240,97,10.4
123,140,9.7,30,110,6.9
66,108,25.3,240,69,5.2
54,211,17.7,60,49,5.2
196,186,6.4,30,198,18.9
142,97,28.6,30,136,2.7
145,144,22.7,120,162,12.9
138,141,22.3,30,153,7.2
61,170,16.8,60,69,3.0
168,202,19.3,60,139,9.3
125,131,2.3,60,144,19.8
130,159,15.9,240,117,17.0
141,92,26.1,120,128,7.6
144,191,26.8,240,167,12.9
177,207,11.7,120,198,26.3
158,100,13.5,60,161,12.5
125,158,13.9,240,108,17.7
163,169,14.0,120,170,15.1
64,99,20.5,240,61,8.6
90,87,5.1,240,73,21.3
143,172,12.1,30,149,12.0
165,174,11.8,30,170,10.2
121,143,28.9,30,132,4.9
177,212,12.2,30,160,11.1
123,205,6.8,60,140,17.8
165,124,27.1,240,198,22.0
131,168,21.6,120,152,7.2
90,124,24.0,60,76,4.5
176,86,11.5,120,174,21.3
191,113,18.7,30,158,6.1
172,214,12.9,240,194,33.7
68,112,29.2,30,67,1.9
191,126,23.3,60,186,8.8
64,111,16.0,120,55,3.9
138,212,27.0,30,124,8.1
191,150,4.6,120,200,36.6
198,119,6.0,120,225,36.7
194,90,24.9,30,162,10.5
117,133,23.2,240,123,12.8
57,207,26.8,120,60,3.6
153,156,14.2,30,132,9.9
156,203,14.5,120,163,15.4
138,182,4.8,120,139,26.4
77,161,8.0,30,70,6.1
124,178,26.1,240,112,12.5
90,163,28.1,120,79,8.8
169,207,26.5,240,137,19.7
150,209,14.3,60,133,9.9
176,200,9.3,30,200,16.7
160,114,26.6,120,177,10.7
195,129,11.5,120,162,20.3
179,195,23.2,120,202,13.2
82,104,12.4,120,84,7.5
143,116,6.8,240,143,33.0
135,201,16.1,60,141,10.4
181,115,10.5,120,157,22.4
126,166,15.7,240,137,19.8
126,201,24.7,120,117,10.0
128,86,18.3,120,152,14.7
198,138,21.9,240,172,18.3
147,117,24.8,60,119,4.4
78,128,1.5,120,75,15.2
178,200,26.3,30,193,9.0
182,133,17.3,240,184,24.8
186,167,16.8,120,194,19.2
99,143,9.1,120,88,13.2
123,133,21.0,240,114,13.5
139,150,9.3,240,161,29.8
87,154,2.2,30,82,11.6
163,145,22.7,60,144,3.7
119,115,4.2,60,107,13.0
185,137,19.5,30,155,7.1
85,81,29.0,60,82,5.9
171,202,19.9,120,159,10.6
72,139,16.5,30,84,1.5
94,186,26.6,60,110,9.3
176,127,28.2,120,203,14.1
52,156,17.5,30,61,2.3
189,214,15.3,60,216,17.9
169,149,6.6,30,158,14.5
97,83,22.4,120,100,4.8
99,124,18.7,240,112,13.8
74,127,29.5,240,69,6.5
113,81,8.6,60,111,11.0
199,82,8.6,120,214,30.5
65,110,14.5,60,63,0.6
129,110,19.5,120,122,10.3
106,136,28.8,240,91,8.8
156,220,27.5,60,172,5.9
70,214,14.0,120,58,5.4
190,209,6.9,60,165,18.0
183,193,4.4,60,199,21.6
164,94,14.1,240,161,25.4
64,198,20.5,120,70,2.8
105,98,2.3,120,113,25.2
188,95,28.1,30,225,7.6
96,114,23.2,240,91,10.6
147,194,26.2,240,140,13.3
188,114,20.0,120,159,10.6
187,180,16.3,60,212,15.3
168,219,13.3,240,190,25.0
113,197,11.0,120,99,14.2
58,187,18.8,30,52,0.4
67,105,18.2,240,70,9.1
61,182,13.7,60,67,4.7
64,115,15.6,120,57,7.8
197,162,7.9,60,235,23.3
183,136,13.0,120,151,20.3
94,189,17.1,30,112,5.1
147,214,10.2,240,142,26.0
187,201,8.0,60,172,19.1
86,198,27.5,240,102,9.2
112,145,6.9,30,131,11.7
144,103,16.5,60,118,6.4
60,98,6.5,60,60,8.7
135,157,28.8,30,119,6.0
172,142,21.2,60,165,13.0
111,162,23.5,240,110,11.3
142,211,26.6,240,119,10.8
170,161,27.5,120,157,14.3
87,84,8.6,240,80,17.3
100,164,7.7,60,100,8.9
115,205,29.0,240,113,8.4
140,123,5.1,240,122,35.0
65,214,2.0,30,77,6.1
62,81,13.0,60,51,5.0
166,175,2.8,240,177,53.0
54,81,16.4,240,43,4.5
123,84,15.6,240,138,19.9
95,107,27.6,60,85,3.1
140,148,24.1,30,133,5.1
153,197,17.4,60,141,10.0
58,103,12.8,240,59,9.0
64,82,21.4,30,64,0
194,104,26.9,30,173,8.7
195,201,8.9,30,209,16.8
58,125,27.9,120,47,5.6
103,116,22.8,240,121,13.0
195,179,20.6,120,186,17.7
85,100,15.5,120,70,3.3
137,181,29.1,120,111,8.6
119,195,15.2,120,122,11.2
199,177,3.5,120,223,42.2
68,101,8.8,240,74,12.6
131,172,4.1,30,154,14.6
163,172,23.1,30,139,7.4
192,211,12.8,30,160,13.0
191,103,18.3,120,219,21.4
71,142,17.6,60,76,5.3
93,115,8.8,120,93,14.3
157,156,15.0,30,148,10.1
113,206,18.2,60,111,7.5
151,165,25.4,240,169,18.1
134,192,10.7,60,123,8.7
172,160,6.2,240,204,45.4
124,205,29.1,60,115,4.9
143,109,28.0,60,148,10.8
189,126,20.8,30,223,8.3
162,154,25.1,30,183,8.9
154,207,5.0,120,138,21.3
146,98,14.0,240,151,20.9
186,209,27.8,240,189,19.2
187,101,4.2,60,199,24.4
140,122,19.8,30,144,5.8
134,190,4.1,30,121,11.1
180,212,17.2,60,176,9.5
200,208,5.4,30,199,22.4
125,186,27.7,30,106,5.4
129,167,14.2,60,130,9.7
139,201,3.8,240,129,33.9
79,85,25.6,30,85,7.2
92,142,16.0,60,86,4.2
153,127,6.4,240,147,34.6
100,195,18.2,240,80,11.0
66,106,24.2,60,62,5.0
100,197,4.3,240,101,24.8
150,109,11.1,240,157,25.8
126,101,20.5,120,107,8.3
86,210,12.3,60,89,8.7
158,127,15.1,60,161,10.9
130,195,19.0,120,153,13.3
174,114,6.7,240,206,43.9
175,186,21.6,240,174,20.6
71,87,24.1,60,65,3.2
93,197,17.4,240,95,15.5
78,109,8.8,120,79,10.6
162,219,7.3,240,136,26.1
113,156,26.4,30,111,2.6
162,110,23.5,60,143,11.0
200,169,26.0,240,173,18.9
102,95,17.5,120,106,10.7
93,162,29.4,120,85,5.0
74,114,28.9,240,86,12.2
120,112,21.3,60,108,5.6
150,205,5.1,120,158,22.5
146,195,3.2,30,140,16.6
144,196,28.6,120,149,6.6
73,197,19.4,120,83,7.6
159,134,15.3,120,180,15.9
136,220,17.8,240,152,23.2
61,105,19.2,240,49,4.2
90,192,14.2,240,79,11.8
127,120,26.4,120,106,6.3
142,144,3.4,60,117,14.1
109,189,20.0,30,87,2.2
172,99,4.8,60,173,21.7
137,110,29.7,240,148,14.1
172,98,7.6,30,188,18.1
126,115,12.1,60,133,12.3
86,97,16.4,30,90,6.3
104,118,27.7,240,119,13.4
72,105,5.1,30,75,3.9
130,115,8.2,30,117,13.5
122,86,25.6,120,108,6.6
150,155,19.7,60,150,8.7
78,141,15.5,30,79,10.7
131,113,12.2,240,124,20.1
94,200,28.7,30,76,4.5
60,95,28.5,240,60,6.5
178,186,13.3,240,148,21.1
121,101,10.0,60,144,12.9
89,217,10.5,30,82,1.7
111,94,8.1,240,94,21.4
64,159,20.3,60,54,2.5
91,207,28.6,120,79,2.1
82,148,22.3,30,91,8.0
119,214,2.9,30,119,15.1
180,172,2.6,60,170,25.3
196,109,7.6,30,160,15.1
53,142,2.3,120,51,13.1
59,187,7.5,60,57,9.9
131,149,25.0,120,111,7.6
107,212,29.5,240,89,7.9
169,152,23.4,120,157,11.5
101,154,17.4,120,111,10.0
112,198,11.7,240,134,23.7
189,142,5.4,240,153,34.1
188,168,19.4,30,222,14.7
128,106,7.0,60,124,13.7
65,116,21.6,30,53,3.1
155,175,14.3,30,160,14.1
179,114,19.5,240,149,17.0
83,140,9.5,120,97,11.6
150,163,10.2,120,134,17.6
199,107,5.5,60,195,23.2
130,184,4.5,120,154,27.0
117,110,3.6,120,132,25.9
60,135,25.2,120,52,2.4
151,211,2.4,120,137,22.5
94,87,28.6,240,96,8.5
76,115,4.5,30,86,9.0
106,113,6.7,240,101,20.7
199,146,27.6,30,161,4.6
66,130,27.2,240,74,10.7
134,111,2.2,240,110,35.9
196,190,24.8,240,196,19.6
140,134,27.3,120,128,10.0
88,88,18.8,60,93,1.9
172,95,3.5,240,147,40.9
